row_idx,video_id,scene_window_idx,expected_risk_level
0,14,0,0
1,14,1,0
2,14,2,0
3,14,3,0
4,14,4,0
5,14,5,0
6,14,6,0
7,14,7,0
8,14,8,0
9,14,9,0
10,14,10,0
11,14,11,0
12,14,12,0
13,14,13,0
14,14,14,0
15,14,15,0
16,14,16,0
17,14,17,0
18,14,18,0
19,14,19,0
20,14,20,0
21,14,21,0
22,14,22,0
23,14,23,0
24,14,24,0
25,14,25,0
26,14,26,0
27,14,27,0
28,14,28,0
29,14,29,0
30,14,30,0
31,14,31,0
32,14,32,0
33,14,33,0
34,14,34,0
35,14,35,0
36,14,36,0
37,14,37,0
38,14,38,0
39,14,39,0
40,14,40,0
41,14,41,0
42,14,42,0
43,14,43,0
44,14,44,0
45,14,45,0
46,14,46,0
47,14,47,0
48,14,48,0
49,14,49,0
50,14,50,0
51,14,51,2
52,14,52,2
53,14,53,2
54,14,54,2
55,14,55,2
56,14,56,2
57,14,57,2
58,14,58,2
59,14,59,3
60,14,60,3
61,14,61,3
62,14,62,3
63,14,63,3
64,14,64,3
65,14,65,3
66,14,66,0
67,14,67,0
68,14,68,0
69,14,69,0
70,14,70,0
71,14,71,0
72,76,0,0
73,76,1,0
74,76,2,0
75,76,3,0
76,76,4,0
77,76,5,0
78,76,6,0
79,76,7,0
80,76,8,0
81,76,9,0
82,76,10,0
83,76,11,0
84,76,12,0
85,76,13,0
86,76,14,0
87,76,15,0
88,76,16,0
89,76,17,0
90,76,18,0
91,76,19,0
92,76,20,0
93,76,21,0
94,76,22,0
95,76,23,0
96,76,24,0
97,76,25,0
98,76,26,0
99,76,27,0
100,76,28,0
101,76,29,0
102,76,30,2
103,76,31,3
104,76,32,3
105,76,33,3
106,76,34,3
107,76,35,3
108,76,36,3
109,76,37,3
110,76,38,3
111,76,39,3
112,76,40,3
113,76,41,3
114,76,42,3
115,76,43,3
116,76,44,3
117,76,45,3
118,76,46,0
119,76,47,0
120,76,48,0
121,96,0,0
122,96,1,0
123,96,2,0
124,96,3,0
125,96,4,0
126,96,5,0
127,96,6,0
128,96,7,0
129,96,8,0
130,96,9,0
131,96,10,0
132,96,11,0
133,96,12,0
134,96,13,0
135,96,14,0
136,96,15,0
137,96,16,0
138,96,17,0
139,96,18,0
140,96,19,0
141,96,20,0
142,96,21,3
143,96,22,3
144,96,23,3
145,96,24,3
146,96,25,3
147,96,26,3
149,96,28,0
150,96,29,0
151,96,30,0
152,96,31,0
153,96,32,0
154,96,33,0
155,115,0,0
156,115,1,0
157,115,2,0
158,115,3,0
159,115,4,0
160,115,5,0
161,115,6,0
162,115,7,0
163,115,8,0
164,115,9,0
165,115,10,2
166,115,11,2
167,115,12,2
168,115,13,2
169,115,14,2
170,115,15,2
171,115,16,2
172,115,17,3
174,115,19,3
175,115,20,3
176,115,21,3
177,115,22,3
178,115,23,3
180,115,25,0
181,115,26,0
182,115,27,0
183,115,28,0
184,115,29,0
185,115,30,0
