scene_row_id,video_id,scene_window_idx,interaction_status,interaction_fps,interaction_risk_track_ids,interaction_risk_case_keys,interaction_risk_vehicle_count,interaction_other_vehicle_count,interaction_common_frame_count,interaction_close_frame_count,interaction_overlap_frame_count,interaction_pair_observation_count,interaction_min_norm_center_distance,interaction_median_frame_min_norm_center_distance,interaction_min_center_distance_px,interaction_min_iou,interaction_max_iou,interaction_nearest_risk_track_id,interaction_nearest_other_track_id,interaction_risk2_near_other_flag,interaction_world_common_frame_count,interaction_world_close_frame_count,interaction_world_close_frame_ratio,interaction_world_quality_frame_ratio,interaction_world_jitter_frame_ratio,interaction_world_edge_low_quality_frame_ratio,interaction_world_other_moving_frame_ratio,interaction_world_other_stationary_frame_ratio,interaction_world_same_lane_frame_count,interaction_world_lateral_close_frame_count,interaction_world_lane_known_frame_count,interaction_world_closing_frame_count,interaction_world_cpa_frame_count,interaction_world_cpa_frame_ratio,interaction_world_pair_observation_count,interaction_world_min_distance_m,interaction_world_median_frame_min_distance_m,interaction_world_min_abs_lateral_m,interaction_world_min_abs_longitudinal_m,interaction_world_nearest_risk_speed_kmh,interaction_world_nearest_other_speed_kmh,interaction_world_max_closing_speed_mps,interaction_world_min_ttc_sec,interaction_world_cpa_min_distance_m,interaction_world_cpa_best_time_sec,interaction_world_cpa_min_time_sec,interaction_world_cpa_min_collision_ttc_sec,interaction_world_cpa_best_collision_radius_m,interaction_world_cpa_max_relative_speed_mps,interaction_world_cpa_max_closing_speed_mps,interaction_world_cpa_best_bearing_closure_score,interaction_world_cpa_best_crossing_angle_deg,interaction_world_cpa_max_collision_course_score,interaction_world_cpa_nearest_risk_speed_kmh,interaction_world_cpa_nearest_other_speed_kmh,interaction_world_nearest_risk_track_id,interaction_world_nearest_other_track_id,interaction_world_cpa_nearest_risk_track_id,interaction_world_cpa_nearest_other_track_id,interaction_world_collision_course_flag,interaction_world_risk2_near_other_flag
0,14,0,ok,30.0,,,0,0,0,0,0,0,,,,0.0,0.0,,,0,0,0,0.0,0.0,0.0,0.0,0.0,0.0,0,0,0,0,0,0.0,0,,,,,,,,,,,,,,,,,,0.0,,,,,,,0,0
1,14,1,ok,30.0,,,0,0,0,0,0,0,,,,0.0,0.0,,,0,0,0,0.0,0.0,0.0,0.0,0.0,0.0,0,0,0,0,0,0.0,0,,,,,,,,,,,,,,,,,,0.0,,,,,,,0,0
2,14,2,ok,30.0,,,0,0,0,0,0,0,,,,0.0,0.0,,,0,0,0,0.0,0.0,0.0,0.0,0.0,0.0,0,0,0,0,0,0.0,0,,,,,,,,,,,,,,,,,,0.0,,,,,,,0,0
3,14,3,ok,30.0,,,0,0,0,0,0,0,,,,0.0,0.0,,,0,0,0,0.0,0.0,0.0,0.0,0.0,0.0,0,0,0,0,0,0.0,0,,,,,,,,,,,,,,,,,,0.0,,,,,,,0,0
4,14,4,ok,30.0,,,0,0,0,0,0,0,,,,0.0,0.0,,,0,0,0,0.0,0.0,0.0,0.0,0.0,0.0,0,0,0,0,0,0.0,0,,,,,,,,,,,,,,,,,,0.0,,,,,,,0,0
5,14,5,ok,30.0,,,0,0,0,0,0,0,,,,0.0,0.0,,,0,0,0,0.0,0.0,0.0,0.0,0.0,0.0,0,0,0,0,0,0.0,0,,,,,,,,,,,,,,,,,,0.0,,,,,,,0,0
6,14,6,ok,30.0,,,0,0,0,0,0,0,,,,0.0,0.0,,,0,0,0,0.0,0.0,0.0,0.0,0.0,0.0,0,0,0,0,0,0.0,0,,,,,,,,,,,,,,,,,,0.0,,,,,,,0,0
7,14,7,ok,30.0,,,0,0,0,0,0,0,,,,0.0,0.0,,,0,0,0,0.0,0.0,0.0,0.0,0.0,0.0,0,0,0,0,0,0.0,0,,,,,,,,,,,,,,,,,,0.0,,,,,,,0,0
8,14,8,ok,30.0,,,0,0,0,0,0,0,,,,0.0,0.0,,,0,0,0,0.0,0.0,0.0,0.0,0.0,0.0,0,0,0,0,0,0.0,0,,,,,,,,,,,,,,,,,,0.0,,,,,,,0,0
9,14,9,ok,30.0,,,0,0,0,0,0,0,,,,0.0,0.0,,,0,0,0,0.0,0.0,0.0,0.0,0.0,0.0,0,0,0,0,0,0.0,0,,,,,,,,,,,,,,,,,,0.0,,,,,,,0,0
10,14,10,ok,30.0,,,0,0,0,0,0,0,,,,0.0,0.0,,,0,0,0,0.0,0.0,0.0,0.0,0.0,0.0,0,0,0,0,0,0.0,0,,,,,,,,,,,,,,,,,,0.0,,,,,,,0,0
11,14,11,ok,30.0,,,0,0,0,0,0,0,,,,0.0,0.0,,,0,0,0,0.0,0.0,0.0,0.0,0.0,0.0,0,0,0,0,0,0.0,0,,,,,,,,,,,,,,,,,,0.0,,,,,,,0,0
12,14,12,ok,30.0,,,0,0,0,0,0,0,,,,0.0,0.0,,,0,0,0,0.0,0.0,0.0,0.0,0.0,0.0,0,0,0,0,0,0.0,0,,,,,,,,,,,,,,,,,,0.0,,,,,,,0,0
13,14,13,ok,30.0,,,0,0,0,0,0,0,,,,0.0,0.0,,,0,0,0,0.0,0.0,0.0,0.0,0.0,0.0,0,0,0,0,0,0.0,0,,,,,,,,,,,,,,,,,,0.0,,,,,,,0,0
14,14,14,ok,30.0,,,0,0,0,0,0,0,,,,0.0,0.0,,,0,0,0,0.0,0.0,0.0,0.0,0.0,0.0,0,0,0,0,0,0.0,0,,,,,,,,,,,,,,,,,,0.0,,,,,,,0,0
15,14,15,ok,30.0,,,0,0,0,0,0,0,,,,0.0,0.0,,,0,0,0,0.0,0.0,0.0,0.0,0.0,0.0,0,0,0,0,0,0.0,0,,,,,,,,,,,,,,,,,,0.0,,,,,,,0,0
16,14,16,ok,30.0,,,0,0,0,0,0,0,,,,0.0,0.0,,,0,0,0,0.0,0.0,0.0,0.0,0.0,0.0,0,0,0,0,0,0.0,0,,,,,,,,,,,,,,,,,,0.0,,,,,,,0,0
17,14,17,ok,30.0,,,0,0,0,0,0,0,,,,0.0,0.0,,,0,0,0,0.0,0.0,0.0,0.0,0.0,0.0,0,0,0,0,0,0.0,0,,,,,,,,,,,,,,,,,,0.0,,,,,,,0,0
18,14,18,ok,30.0,,,0,0,0,0,0,0,,,,0.0,0.0,,,0,0,0,0.0,0.0,0.0,0.0,0.0,0.0,0,0,0,0,0,0.0,0,,,,,,,,,,,,,,,,,,0.0,,,,,,,0,0
19,14,19,ok,30.0,,,0,0,0,0,0,0,,,,0.0,0.0,,,0,0,0,0.0,0.0,0.0,0.0,0.0,0.0,0,0,0,0,0,0.0,0,,,,,,,,,,,,,,,,,,0.0,,,,,,,0,0
20,14,20,ok,30.0,,,0,0,0,0,0,0,,,,0.0,0.0,,,0,0,0,0.0,0.0,0.0,0.0,0.0,0.0,0,0,0,0,0,0.0,0,,,,,,,,,,,,,,,,,,0.0,,,,,,,0,0
21,14,21,ok,30.0,,,0,0,0,0,0,0,,,,0.0,0.0,,,0,0,0,0.0,0.0,0.0,0.0,0.0,0.0,0,0,0,0,0,0.0,0,,,,,,,,,,,,,,,,,,0.0,,,,,,,0,0
22,14,22,ok,30.0,,,0,0,0,0,0,0,,,,0.0,0.0,,,0,0,0,0.0,0.0,0.0,0.0,0.0,0.0,0,0,0,0,0,0.0,0,,,,,,,,,,,,,,,,,,0.0,,,,,,,0,0
23,14,23,ok,30.0,,,0,0,0,0,0,0,,,,0.0,0.0,,,0,0,0,0.0,0.0,0.0,0.0,0.0,0.0,0,0,0,0,0,0.0,0,,,,,,,,,,,,,,,,,,0.0,,,,,,,0,0
24,14,24,ok,30.0,,,0,0,0,0,0,0,,,,0.0,0.0,,,0,0,0,0.0,0.0,0.0,0.0,0.0,0.0,0,0,0,0,0,0.0,0,,,,,,,,,,,,,,,,,,0.0,,,,,,,0,0
25,14,25,ok,30.0,,,0,0,0,0,0,0,,,,0.0,0.0,,,0,0,0,0.0,0.0,0.0,0.0,0.0,0.0,0,0,0,0,0,0.0,0,,,,,,,,,,,,,,,,,,0.0,,,,,,,0,0
26,14,26,ok,30.0,,,0,0,0,0,0,0,,,,0.0,0.0,,,0,0,0,0.0,0.0,0.0,0.0,0.0,0.0,0,0,0,0,0,0.0,0,,,,,,,,,,,,,,,,,,0.0,,,,,,,0,0
27,14,27,ok,30.0,,,0,0,0,0,0,0,,,,0.0,0.0,,,0,0,0,0.0,0.0,0.0,0.0,0.0,0.0,0,0,0,0,0,0.0,0,,,,,,,,,,,,,,,,,,0.0,,,,,,,0,0
28,14,28,ok,30.0,,,0,0,0,0,0,0,,,,0.0,0.0,,,0,0,0,0.0,0.0,0.0,0.0,0.0,0.0,0,0,0,0,0,0.0,0,,,,,,,,,,,,,,,,,,0.0,,,,,,,0,0
29,14,29,ok,30.0,,,0,0,0,0,0,0,,,,0.0,0.0,,,0,0,0,0.0,0.0,0.0,0.0,0.0,0.0,0,0,0,0,0,0.0,0,,,,,,,,,,,,,,,,,,0.0,,,,,,,0,0
30,14,30,ok,30.0,,,0,0,0,0,0,0,,,,0.0,0.0,,,0,0,0,0.0,0.0,0.0,0.0,0.0,0.0,0,0,0,0,0,0.0,0,,,,,,,,,,,,,,,,,,0.0,,,,,,,0,0
31,14,31,ok,30.0,,,0,0,0,0,0,0,,,,0.0,0.0,,,0,0,0,0.0,0.0,0.0,0.0,0.0,0.0,0,0,0,0,0,0.0,0,,,,,,,,,,,,,,,,,,0.0,,,,,,,0,0
32,14,32,ok,30.0,,,0,0,0,0,0,0,,,,0.0,0.0,,,0,0,0,0.0,0.0,0.0,0.0,0.0,0.0,0,0,0,0,0,0.0,0,,,,,,,,,,,,,,,,,,0.0,,,,,,,0,0
33,14,33,ok,30.0,,,0,0,0,0,0,0,,,,0.0,0.0,,,0,0,0,0.0,0.0,0.0,0.0,0.0,0.0,0,0,0,0,0,0.0,0,,,,,,,,,,,,,,,,,,0.0,,,,,,,0,0
34,14,34,ok,30.0,,,0,0,0,0,0,0,,,,0.0,0.0,,,0,0,0,0.0,0.0,0.0,0.0,0.0,0.0,0,0,0,0,0,0.0,0,,,,,,,,,,,,,,,,,,0.0,,,,,,,0,0
35,14,35,ok,30.0,,,0,0,0,0,0,0,,,,0.0,0.0,,,0,0,0,0.0,0.0,0.0,0.0,0.0,0.0,0,0,0,0,0,0.0,0,,,,,,,,,,,,,,,,,,0.0,,,,,,,0,0
36,14,36,ok,30.0,,,0,0,0,0,0,0,,,,0.0,0.0,,,0,0,0,0.0,0.0,0.0,0.0,0.0,0.0,0,0,0,0,0,0.0,0,,,,,,,,,,,,,,,,,,0.0,,,,,,,0,0
37,14,37,ok,30.0,,,0,0,0,0,0,0,,,,0.0,0.0,,,0,0,0,0.0,0.0,0.0,0.0,0.0,0.0,0,0,0,0,0,0.0,0,,,,,,,,,,,,,,,,,,0.0,,,,,,,0,0
38,14,38,ok,30.0,,,0,0,0,0,0,0,,,,0.0,0.0,,,0,0,0,0.0,0.0,0.0,0.0,0.0,0.0,0,0,0,0,0,0.0,0,,,,,,,,,,,,,,,,,,0.0,,,,,,,0,0
39,14,39,ok,30.0,,,0,0,0,0,0,0,,,,0.0,0.0,,,0,0,0,0.0,0.0,0.0,0.0,0.0,0.0,0,0,0,0,0,0.0,0,,,,,,,,,,,,,,,,,,0.0,,,,,,,0,0
40,14,40,ok,30.0,,,0,0,0,0,0,0,,,,0.0,0.0,,,0,0,0,0.0,0.0,0.0,0.0,0.0,0.0,0,0,0,0,0,0.0,0,,,,,,,,,,,,,,,,,,0.0,,,,,,,0,0
41,14,41,ok,30.0,,,0,0,0,0,0,0,,,,0.0,0.0,,,0,0,0,0.0,0.0,0.0,0.0,0.0,0.0,0,0,0,0,0,0.0,0,,,,,,,,,,,,,,,,,,0.0,,,,,,,0,0
42,14,42,ok,30.0,,,0,0,0,0,0,0,,,,0.0,0.0,,,0,0,0,0.0,0.0,0.0,0.0,0.0,0.0,0,0,0,0,0,0.0,0,,,,,,,,,,,,,,,,,,0.0,,,,,,,0,0
43,14,43,ok,30.0,,,0,0,0,0,0,0,,,,0.0,0.0,,,0,0,0,0.0,0.0,0.0,0.0,0.0,0.0,0,0,0,0,0,0.0,0,,,,,,,,,,,,,,,,,,0.0,,,,,,,0,0
44,14,44,ok,30.0,,,0,0,0,0,0,0,,,,0.0,0.0,,,0,0,0,0.0,0.0,0.0,0.0,0.0,0.0,0,0,0,0,0,0.0,0,,,,,,,,,,,,,,,,,,0.0,,,,,,,0,0
45,14,45,ok,30.0,,,0,0,0,0,0,0,,,,0.0,0.0,,,0,0,0,0.0,0.0,0.0,0.0,0.0,0.0,0,0,0,0,0,0.0,0,,,,,,,,,,,,,,,,,,0.0,,,,,,,0,0
46,14,46,ok,30.0,,,0,0,0,0,0,0,,,,0.0,0.0,,,0,0,0,0.0,0.0,0.0,0.0,0.0,0.0,0,0,0,0,0,0.0,0,,,,,,,,,,,,,,,,,,0.0,,,,,,,0,0
47,14,47,ok,30.0,,,0,0,0,0,0,0,,,,0.0,0.0,,,0,0,0,0.0,0.0,0.0,0.0,0.0,0.0,0,0,0,0,0,0.0,0,,,,,,,,,,,,,,,,,,0.0,,,,,,,0,0
48,14,48,ok,30.0,,,0,0,0,0,0,0,,,,0.0,0.0,,,0,0,0,0.0,0.0,0.0,0.0,0.0,0.0,0,0,0,0,0,0.0,0,,,,,,,,,,,,,,,,,,0.0,,,,,,,0,0
49,14,49,ok,30.0,,,0,0,0,0,0,0,,,,0.0,0.0,,,0,0,0,0.0,0.0,0.0,0.0,0.0,0.0,0,0,0,0,0,0.0,0,,,,,,,,,,,,,,,,,,0.0,,,,,,,0,0
50,14,50,ok,30.0,,,0,0,0,0,0,0,,,,0.0,0.0,,,0,0,0,0.0,0.0,0.0,0.0,0.0,0.0,0,0,0,0,0,0.0,0,,,,,,,,,,,,,,,,,,0.0,,,,,,,0,0
51,14,51,ok,30.0,11,14/11,1,2,27,8,0,27,1.005847784775131,1.094153558674806,103.2221334065519,0.0,0.0,11.0,4.0,1,27,0,0.0,1.0,0.0,0.037037037037037,0.0,1.0,0,1,7,19,0,0.0,27,5.837982223781572,7.904020528900802,0.6810301731693347,0.0694421802833142,43.28647089253057,0.0,11.308427123617722,0.6203358423866019,,,,,,,,,,0.0,,,11.0,4.0,,,0,0
52,14,52,ok,30.0,11,14/11,1,2,27,3,0,27,1.0190612004037714,1.372663126834925,101.1932276637128,0.0,0.0,11.0,4.0,1,27,0,0.0,1.0,0.0,0.0,0.0,1.0,0,0,17,18,0,0.0,27,3.9474422806774,6.821056713432761,3.308829939834622,0.2450731118341276,55.04708046649161,0.0,11.308427123617722,0.533572022537565,,,,,,,,,,0.0,,,11.0,4.0,,,0,0
53,14,53,ok,30.0,11,14/11,1,2,27,0,0,27,1.255412714594814,1.4476337606362737,104.33224154114562,0.0,0.0,11.0,4.0,0,27,0,0.0,1.0,0.0,0.0,0.0,1.0,0,0,27,15,0,0.0,27,3.9474422806774,5.165520431850267,3.308829939834622,0.2450731118341276,55.04708046649161,0.0,11.308427123617722,0.533572022537565,,,,,,,,,,0.0,,,11.0,4.0,,,0,0
54,14,54,ok,30.0,11,14/11,1,1,27,0,0,27,1.4025976429718652,1.4476337606362737,90.2945859395788,0.0,0.0,11.0,5.0,0,27,0,0.0,1.0,0.0,0.0,0.0,1.0,0,0,27,11,0,0.0,27,3.9474422806774,5.904264477362826,3.7549483733670375,0.2450731118341276,55.04708046649161,0.0,11.44500381661744,0.6640499107921897,,,,,,,,,,0.0,,,11.0,4.0,,,0,0
55,14,55,ok,30.0,11,14/11,1,1,27,0,0,27,1.4025976429718652,1.449842144144109,90.2945859395788,0.0,0.0,11.0,5.0,0,27,0,0.0,1.0,0.0,0.0,0.0,1.0,0,0,27,12,1,0.037037037037037,27,4.779401389140122,7.44052553160701,4.129249885391435,0.2285438833729071,60.747900544556586,0.0,15.069199601872372,0.4886361246919934,0.6183988603921716,2.104766458567932,2.104766458567932,1.990148926592515,2.2,18.420383140973257,18.41804043372529,0.9998728198414748,,0.6691570908479202,66.31337930750372,0.0,11.0,4.0,11.0,14.0,0,0
56,14,56,ok,30.0,11,14/11,1,2,27,0,0,27,1.2901212045262551,1.4662092025538125,54.73415432798798,0.0,0.0,11.0,14.0,0,27,0,0.0,1.0,0.0,0.0,0.0,1.0,0,0,27,22,5,0.1851851851851851,27,4.334853014491881,7.363355295669047,4.173698310808693,0.2285438833729071,53.753025950819854,0.7398014978441788,15.069199601872372,0.4886361246919934,0.0054900382657464,2.2429625922715823,2.104766458567932,1.990148926592515,2.2,18.420383140973257,18.41804043372529,0.9999999869779346,,0.7695648012382702,53.753025950819854,0.8491673617882538,11.0,5.0,11.0,14.0,1,0
57,14,57,ok,30.0,11,14/11,1,2,27,1,0,27,1.0341429445929358,1.4016956650782362,41.23377559719697,0.0,0.0,11.0,14.0,0,27,0,0.0,1.0,0.0,0.0,0.0,1.0,0,0,27,15,9,0.3333333333333333,27,4.092121078380703,5.211608372825775,3.731323333973368,0.05838328813671,73.51091645212523,1.0210747120467287,15.069199601872372,0.4886361246919934,0.0054900382657464,1.533637746339911,1.533637746339911,1.4294092111573091,2.2,20.978797767324277,20.978201691144378,0.9999715867331148,37.89631667825337,0.817418660382001,76.473748342264,1.2085875732370848,11.0,5.0,11.0,14.0,1,0
58,14,58,ok,30.0,"10,11","14/10,14/11",2,2,27,27,0,54,0.6729934063916182,0.6779441302691165,79.55286936999819,0.0,0.0,10.0,1.0,1,27,0,0.0,1.0,0.0,0.0,0.0,1.0,27,27,27,10,8,0.2962962962962963,54,4.092121078380703,5.211608372825775,0.3938013631444564,0.05838328813671,73.51091645212523,1.0210747120467287,10.892264953393916,0.5316019831448611,0.0054900382657464,1.533637746339911,1.4025463332475958,1.2964813677534492,2.2,20.978797767324277,20.978201691144378,0.9999715867331148,37.89631667825337,0.817418660382001,76.473748342264,1.2085875732370848,11.0,5.0,11.0,14.0,1,0
59,14,59,ok,30.0,"10,11","14/10,14/11",2,2,27,27,0,54,0.6688397651089819,0.6749992831251239,79.16768595835042,0.0,0.0,10.0,1.0,1,27,0,0.0,1.0,0.0,0.0,0.0,1.0,27,27,27,1,4,0.1481481481481481,54,4.127393030390203,7.765764143263915,0.3897584435193485,0.9839423296931102,38.53063363749183,0.0,0.7386091184788419,10.741520466144271,0.1181306058882074,1.041906148867703,1.041906148867703,0.9270049231053108,2.2,19.119257792807105,19.118921625727,0.999982417357214,2.412749097384212,0.8005273642432063,70.53749114614095,1.7097164099263182,11.0,5.0,11.0,14.0,1,0
60,14,60,ok,30.0,"10,11","14/10,14/11",2,2,27,27,6,54,0.6682701178920702,0.6756516189991291,78.91366453282973,0.0,0.0094629584862265,10.0,1.0,1,27,0,0.0,1.0,0.0,0.0,0.0,1.0,27,27,27,10,3,0.1111111111111111,54,7.2707136826233825,7.765764143263915,0.3893466789094302,6.361661642342111,48.209611882567714,0.1940832721874039,21.632217148554496,0.5957448160985948,0.1181306058882074,1.041906148867703,1.041906148867703,0.9270049231053108,2.2,19.119257792807105,19.118921625727,0.999982417357214,2.412749097384212,0.8005273642432063,70.53749114614095,1.7097164099263182,11.0,5.0,11.0,14.0,0,0
61,14,61,ok,30.0,11,14/11,1,1,27,19,6,27,0.7668653940787081,0.9432601898891662,28.630760119144625,0.0,0.0094629584862265,11.0,14.0,1,27,2,0.074074074074074,1.0,0.0,0.0,0.0,0.8518518518518519,0,21,25,20,2,0.074074074074074,27,6.929487190821144,12.652057509929696,1.0400116261295402,6.576740306325764,47.40575056933655,1.7068875866713504,21.632217148554496,0.3671644379515884,0.1181306058882074,1.041906148867703,1.041906148867703,0.9270049231053108,2.2,19.119257792807105,19.118921625727,0.999982417357214,2.412749097384212,0.8005273642432063,70.53749114614095,1.7097164099263182,11.0,14.0,11.0,14.0,0,0
62,14,62,ok,30.0,11,14/11,1,1,27,9,3,27,0.8684131049040927,1.135853043028182,31.78051801025281,0.0,0.0094629584862265,11.0,14.0,1,27,12,0.4444444444444444,1.0,0.0,0.0,0.0,0.925925925925926,0,26,25,27,0,0.0,27,3.578300964112074,8.271729129597531,1.0400116261295402,2.4069274579086777,52.07911049187437,0.0,21.632217148554496,0.281215736047592,,,,,,,,,,0.0,,,11.0,14.0,,,0,1
63,14,63,ok,30.0,11,14/11,1,1,26,0,0,26,1.077521691302778,1.3506368475802335,35.93995026429484,0.0,0.0,11.0,14.0,0,26,21,0.8076923076923077,1.0,0.0,0.0,0.0,1.0,0,26,26,21,0,0.0,26,2.8751393234846634,4.458974639345987,1.8488618509570325,0.0649453661777751,65.87418555820726,0.8542036249109282,20.64197529648265,0.281215736047592,,,,,,,,,,0.0,,,11.0,14.0,,,0,1
64,14,64,ok,30.0,11,14/11,1,1,19,0,0,19,1.3149607216122277,1.4169076815045036,37.70644507242756,0.0,0.0,11.0,14.0,0,19,19,1.0,1.0,0.0,0.0,0.0,1.0,0,19,19,13,0,0.0,19,2.8751393234846634,3.091611703208029,2.3941050793463856,0.0649453661777751,65.87418555820726,0.8542036249109282,16.093517578871932,0.281215736047592,,,,,,,,,,0.0,,,11.0,14.0,,,0,1
65,14,65,ok,30.0,11,14/11,1,1,9,0,0,9,1.3789213904282742,1.4841301841866057,35.42988886519401,0.0,0.0,11.0,14.0,0,9,9,1.0,1.0,0.0,0.0,0.0,1.0,0,9,9,3,0,0.0,9,2.8751393234846634,2.939552972200282,2.7611936782602977,0.0649453661777751,65.87418555820726,0.8542036249109282,4.021875157629118,0.7148753282485149,,,,,,,,,,0.0,,,11.0,14.0,,,0,1
66,14,66,ok,30.0,,,0,0,0,0,0,0,,,,0.0,0.0,,,0,0,0,0.0,0.0,0.0,0.0,0.0,0.0,0,0,0,0,0,0.0,0,,,,,,,,,,,,,,,,,,0.0,,,,,,,0,0
67,14,67,ok,30.0,,,0,0,0,0,0,0,,,,0.0,0.0,,,0,0,0,0.0,0.0,0.0,0.0,0.0,0.0,0,0,0,0,0,0.0,0,,,,,,,,,,,,,,,,,,0.0,,,,,,,0,0
68,14,68,ok,30.0,,,0,0,0,0,0,0,,,,0.0,0.0,,,0,0,0,0.0,0.0,0.0,0.0,0.0,0.0,0,0,0,0,0,0.0,0,,,,,,,,,,,,,,,,,,0.0,,,,,,,0,0
69,14,69,ok,30.0,,,0,0,0,0,0,0,,,,0.0,0.0,,,0,0,0,0.0,0.0,0.0,0.0,0.0,0.0,0,0,0,0,0,0.0,0,,,,,,,,,,,,,,,,,,0.0,,,,,,,0,0
70,14,70,ok,30.0,,,0,0,0,0,0,0,,,,0.0,0.0,,,0,0,0,0.0,0.0,0.0,0.0,0.0,0.0,0,0,0,0,0,0.0,0,,,,,,,,,,,,,,,,,,0.0,,,,,,,0,0
71,14,71,ok,30.0,,,0,0,0,0,0,0,,,,0.0,0.0,,,0,0,0,0.0,0.0,0.0,0.0,0.0,0.0,0,0,0,0,0,0.0,0,,,,,,,,,,,,,,,,,,0.0,,,,,,,0,0
72,76,0,ok,60.0,,,0,0,0,0,0,0,,,,0.0,0.0,,,0,0,0,0.0,0.0,0.0,0.0,0.0,0.0,0,0,0,0,0,0.0,0,,,,,,,,,,,,,,,,,,0.0,,,,,,,0,0
73,76,1,ok,60.0,12,76/12,1,3,47,0,0,47,1.6504763917539629,2.156756918670478,100.24437764782613,0.0,0.0,12.0,7.0,0,47,3,0.0638297872340425,1.0,0.0,0.0,1.0,0.0,0,3,47,0,0,0.0,47,3.318780842961785,5.643911821335724,3.1456945129112635,0.892344453056035,9.925689125776016,11.059672640053178,0.3544839497157566,11.276724457308443,,,,,,,,,,0.0,,,12.0,7.0,,,0,0
74,76,2,ok,60.0,12,76/12,1,4,46,0,0,46,2.027285381378198,2.15242637653556,148.06761605766468,0.0,0.0,12.0,5.0,0,46,0,0.0,1.0,0.0,0.0,1.0,0.0,0,0,46,0,0,0.0,46,5.05015712767481,7.858295164807348,3.429615063295006,0.892344453056035,21.873948688961804,42.91684061524595,-0.3875176304109323,,,,,,,,,,,0.0,,,12.0,7.0,,,0,0
75,76,3,ok,60.0,12,76/12,1,2,46,0,0,46,1.7784928642408595,2.0557982089179694,129.68010525905652,0.0,0.0,12.0,5.0,0,46,0,0.0,1.0,0.0,0.0,1.0,0.0,0,0,46,12,0,0.0,46,6.3587158617270925,9.497386086844228,3.7299563457621554,0.892344453056035,9.985144693033469,28.14540515325762,18.561838507023307,0.7497360056593984,,,,,,,,,,0.0,,,12.0,7.0,,,0,0
76,76,4,ok,60.0,,,0,0,0,0,0,0,,,,0.0,0.0,,,0,0,0,0.0,0.0,0.0,0.0,0.0,0.0,0,0,0,0,0,0.0,0,,,,,,,,,,,,,,,,,,0.0,,,,,,,0,0
77,76,5,ok,60.0,,,0,0,0,0,0,0,,,,0.0,0.0,,,0,0,0,0.0,0.0,0.0,0.0,0.0,0.0,0,0,0,0,0,0.0,0,,,,,,,,,,,,,,,,,,0.0,,,,,,,0,0
78,76,6,ok,60.0,,,0,0,0,0,0,0,,,,0.0,0.0,,,0,0,0,0.0,0.0,0.0,0.0,0.0,0.0,0,0,0,0,0,0.0,0,,,,,,,,,,,,,,,,,,0.0,,,,,,,0,0
79,76,7,ok,60.0,,,0,0,0,0,0,0,,,,0.0,0.0,,,0,0,0,0.0,0.0,0.0,0.0,0.0,0.0,0,0,0,0,0,0.0,0,,,,,,,,,,,,,,,,,,0.0,,,,,,,0,0
80,76,8,ok,60.0,,,0,0,0,0,0,0,,,,0.0,0.0,,,0,0,0,0.0,0.0,0.0,0.0,0.0,0.0,0,0,0,0,0,0.0,0,,,,,,,,,,,,,,,,,,0.0,,,,,,,0,0
81,76,9,ok,60.0,,,0,0,0,0,0,0,,,,0.0,0.0,,,0,0,0,0.0,0.0,0.0,0.0,0.0,0.0,0,0,0,0,0,0.0,0,,,,,,,,,,,,,,,,,,0.0,,,,,,,0,0
82,76,10,ok,60.0,,,0,0,0,0,0,0,,,,0.0,0.0,,,0,0,0,0.0,0.0,0.0,0.0,0.0,0.0,0,0,0,0,0,0.0,0,,,,,,,,,,,,,,,,,,0.0,,,,,,,0,0
83,76,11,ok,60.0,,,0,0,0,0,0,0,,,,0.0,0.0,,,0,0,0,0.0,0.0,0.0,0.0,0.0,0.0,0,0,0,0,0,0.0,0,,,,,,,,,,,,,,,,,,0.0,,,,,,,0,0
84,76,12,ok,60.0,,,0,0,0,0,0,0,,,,0.0,0.0,,,0,0,0,0.0,0.0,0.0,0.0,0.0,0.0,0,0,0,0,0,0.0,0,,,,,,,,,,,,,,,,,,0.0,,,,,,,0,0
85,76,13,ok,60.0,,,0,0,0,0,0,0,,,,0.0,0.0,,,0,0,0,0.0,0.0,0.0,0.0,0.0,0.0,0,0,0,0,0,0.0,0,,,,,,,,,,,,,,,,,,0.0,,,,,,,0,0
86,76,14,ok,60.0,,,0,0,0,0,0,0,,,,0.0,0.0,,,0,0,0,0.0,0.0,0.0,0.0,0.0,0.0,0,0,0,0,0,0.0,0,,,,,,,,,,,,,,,,,,0.0,,,,,,,0,0
87,76,15,ok,60.0,,,0,0,0,0,0,0,,,,0.0,0.0,,,0,0,0,0.0,0.0,0.0,0.0,0.0,0.0,0,0,0,0,0,0.0,0,,,,,,,,,,,,,,,,,,0.0,,,,,,,0,0
88,76,16,ok,60.0,,,0,0,0,0,0,0,,,,0.0,0.0,,,0,0,0,0.0,0.0,0.0,0.0,0.0,0.0,0,0,0,0,0,0.0,0,,,,,,,,,,,,,,,,,,0.0,,,,,,,0,0
89,76,17,ok,60.0,,,0,0,0,0,0,0,,,,0.0,0.0,,,0,0,0,0.0,0.0,0.0,0.0,0.0,0.0,0,0,0,0,0,0.0,0,,,,,,,,,,,,,,,,,,0.0,,,,,,,0,0
90,76,18,ok,60.0,,,0,0,0,0,0,0,,,,0.0,0.0,,,0,0,0,0.0,0.0,0.0,0.0,0.0,0.0,0,0,0,0,0,0.0,0,,,,,,,,,,,,,,,,,,0.0,,,,,,,0,0
91,76,19,ok,60.0,,,0,0,0,0,0,0,,,,0.0,0.0,,,0,0,0,0.0,0.0,0.0,0.0,0.0,0.0,0,0,0,0,0,0.0,0,,,,,,,,,,,,,,,,,,0.0,,,,,,,0,0
92,76,20,ok,60.0,,,0,0,0,0,0,0,,,,0.0,0.0,,,0,0,0,0.0,0.0,0.0,0.0,0.0,0.0,0,0,0,0,0,0.0,0,,,,,,,,,,,,,,,,,,0.0,,,,,,,0,0
93,76,21,ok,60.0,,,0,0,0,0,0,0,,,,0.0,0.0,,,0,0,0,0.0,0.0,0.0,0.0,0.0,0.0,0,0,0,0,0,0.0,0,,,,,,,,,,,,,,,,,,0.0,,,,,,,0,0
94,76,22,ok,60.0,,,0,0,0,0,0,0,,,,0.0,0.0,,,0,0,0,0.0,0.0,0.0,0.0,0.0,0.0,0,0,0,0,0,0.0,0,,,,,,,,,,,,,,,,,,0.0,,,,,,,0,0
95,76,23,ok,60.0,,,0,0,0,0,0,0,,,,0.0,0.0,,,0,0,0,0.0,0.0,0.0,0.0,0.0,0.0,0,0,0,0,0,0.0,0,,,,,,,,,,,,,,,,,,0.0,,,,,,,0,0
96,76,24,ok,60.0,,,0,0,0,0,0,0,,,,0.0,0.0,,,0,0,0,0.0,0.0,0.0,0.0,0.0,0.0,0,0,0,0,0,0.0,0,,,,,,,,,,,,,,,,,,0.0,,,,,,,0,0
97,76,25,ok,60.0,,,0,0,0,0,0,0,,,,0.0,0.0,,,0,0,0,0.0,0.0,0.0,0.0,0.0,0.0,0,0,0,0,0,0.0,0,,,,,,,,,,,,,,,,,,0.0,,,,,,,0,0
98,76,26,ok,60.0,,,0,0,0,0,0,0,,,,0.0,0.0,,,0,0,0,0.0,0.0,0.0,0.0,0.0,0.0,0,0,0,0,0,0.0,0,,,,,,,,,,,,,,,,,,0.0,,,,,,,0,0
99,76,27,ok,60.0,,,0,0,0,0,0,0,,,,0.0,0.0,,,0,0,0,0.0,0.0,0.0,0.0,0.0,0.0,0,0,0,0,0,0.0,0,,,,,,,,,,,,,,,,,,0.0,,,,,,,0,0
100,76,28,ok,60.0,,,0,0,0,0,0,0,,,,0.0,0.0,,,0,0,0,0.0,0.0,0.0,0.0,0.0,0.0,0,0,0,0,0,0.0,0,,,,,,,,,,,,,,,,,,0.0,,,,,,,0,0
101,76,29,ok,60.0,,,0,0,0,0,0,0,,,,0.0,0.0,,,0,0,0,0.0,0.0,0.0,0.0,0.0,0.0,0,0,0,0,0,0.0,0,,,,,,,,,,,,,,,,,,0.0,,,,,,,0,0
102,76,30,ok,60.0,36,76/36,1,3,44,0,0,44,1.1959429639902943,1.5857390417850885,67.39604810372785,0.0,0.0,36.0,31.0,0,44,28,0.6363636363636364,1.0,0.0,0.0,0.7954545454545454,0.1363636363636363,2,15,28,27,40,0.9090909090909092,44,3.018077677851373,5.6604490212933625,0.7766328232553781,0.0513642226659485,68.9193983871535,25.082640045134312,39.28716537418953,0.1757669051508749,0.002137521300809,0.8937301488289175,0.3530525529922106,0.3291497887675391,2.2,73.90451632973299,73.8113679375847,0.999999996415192,177.35919970066757,0.9281129471402144,73.95854446754103,27.74828624469351,36.0,28.0,36.0,38.0,1,1
103,76,31,ok,60.0,36,76/36,1,3,44,13,0,44,0.987068783873438,1.2439268621370516,58.18667588030797,0.0,0.0,36.0,31.0,1,44,26,0.5909090909090909,1.0,0.0,0.0,0.9545454545454546,0.0227272727272727,2,27,35,19,26,0.5909090909090909,44,3.018077677851373,5.910645775305909,0.6951691635360562,0.0513642226659485,68.9193983871535,25.082640045134312,39.28716537418953,0.1757669051508749,0.002137521300809,0.8937301488289175,0.3530525529922106,0.3291497887675391,2.2,73.90451632973299,73.8113679375847,0.999999996415192,177.35919970066757,0.9281129471402144,73.95854446754103,27.74828624469351,36.0,28.0,36.0,38.0,1,1
104,76,32,ok,60.0,36,76/36,1,3,41,30,16,41,0.6174804125296424,0.9942763530667976,34.99652839925707,0.0,0.0557957720393598,36.0,38.0,1,41,16,0.3902439024390244,1.0,0.0,0.0,0.975609756097561,0.0,2,30,38,19,17,0.4146341463414634,41,3.7380355742458913,8.243690934952829,0.6951691635360562,2.129575596590589,40.99510610101478,46.83931967066788,49.20327644906981,0.1369525460474904,0.7207932697503504,0.5074749248695627,0.1173792293509902,0.0779849244798083,2.2,50.34390420765874,49.20327644906981,0.9993479672226374,166.2776543730561,0.8282182776821715,65.14047994514164,77.39880969547606,36.0,38.0,36.0,38.0,1,1
105,76,33,ok,60.0,36,76/36,1,4,41,20,16,41,0.6174804125296424,1.0601591443433278,34.99652839925707,0.0,0.0557957720393598,36.0,38.0,1,41,19,0.4634146341463415,1.0,0.0,0.0,0.8780487804878049,0.048780487804878,0,25,30,18,9,0.2195121951219512,41,2.878232162770528,7.967569528042,0.7419748204400848,1.9649681989273475,46.48424855185517,42.28632824064778,49.20327644906981,0.1369525460474904,1.675876447322472,0.1173792293509902,0.1173792293509902,0.0779849244798083,2.2,50.34390420765874,49.20327644906981,0.9257859204707146,178.08091737885889,0.6667439719321319,47.38398197768038,80.28483644046672,36.0,38.0,36.0,38.0,1,1
106,76,34,ok,60.0,36,76/36,1,4,42,5,1,42,0.7515235498954514,1.4449882013273525,38.71618008016804,0.0,0.0091017859066449,36.0,38.0,1,42,12,0.2857142857142857,1.0,0.0,0.0,0.5952380952380952,0.3095238095238095,0,12,31,16,7,0.1666666666666666,42,2.878232162770528,4.610270622857209,1.6023508372522597,0.0469578070383848,46.48424855185517,42.28632824064778,23.773689182249903,0.1699004945877477,0.1389789659166369,0.9887584946020804,0.1369752416941895,0.0785464114989639,2.2,40.324452410683705,40.18461101671408,0.9999698549749008,169.655620688329,0.8956243885328796,43.15737491566423,22.248823281977888,36.0,38.0,36.0,41.0,1,0
107,76,35,ok,60.0,36,76/36,1,3,42,6,2,42,0.8390426882554579,1.4160575774318445,41.95535067187505,0.0,0.0090300500692549,36.0,40.0,1,42,2,0.0476190476190476,0.9523809523809524,0.0476190476190476,0.0,0.5714285714285714,0.3571428571428571,0,15,40,28,15,0.3571428571428571,42,4.502990708657901,7.521999458179425,1.883629614242489,0.0469578070383848,48.90749987644019,19.34493810594676,92.9451660552317,0.1453233798368575,0.0465860884107663,0.4338883327896282,0.2731497626869565,0.2300317627683187,2.2,42.54888330477876,42.31858671535455,0.9999901423690672,93.36178502780866,0.9568167639577764,21.03147360275561,83.24843355895145,36.0,31.0,36.0,40.0,1,0
108,76,36,ok,60.0,36,76/36,1,4,42,19,15,42,0.5128067454773734,1.1579927028458104,26.161600199529023,0.0,0.0381214321098318,36.0,40.0,1,42,1,0.0238095238095238,0.9285714285714286,0.0714285714285714,0.0,0.7142857142857143,0.2619047619047619,6,30,38,31,14,0.3333333333333333,42,4.599361570843612,10.69566797844996,1.2201399309923258,1.363106122990903,43.15737491566423,2.0582371214652864,98.09745219662068,0.0650135185786784,0.0465860884107663,0.4338883327896282,0.2184619384087626,0.1686429186924153,2.2,43.650495529951655,43.62387721907014,0.9999901423690672,93.36178502780866,0.9568167639577764,21.03147360275561,83.24843355895145,36.0,31.0,36.0,40.0,1,0
109,76,37,ok,60.0,36,76/36,1,5,42,19,15,42,0.5128067454773734,1.4466434971047932,26.161600199529023,0.0,0.0381214321098318,36.0,40.0,1,42,1,0.0238095238095238,0.9761904761904762,0.0238095238095238,0.0,0.6666666666666666,0.2857142857142857,6,23,35,20,2,0.0476190476190476,42,6.377660530906018,20.954215309530326,1.2201399309923258,3.124682920800701,36.15303248296367,364.7589164422972,98.09745219662068,0.0650135185786784,0.3331764629379038,0.2184619384087626,0.2184619384087626,0.1686429186924153,2.2,43.650495529951655,43.62387721907014,0.9993901945313942,113.18916002312898,0.9218235451175952,22.88334410854686,146.71687323628322,36.0,41.0,36.0,40.0,0,0
110,76,38,ok,60.0,36,76/36,1,4,46,13,4,46,0.7187611484315285,1.29499644524501,39.65741923020207,0.0,0.0381214321098318,36.0,41.0,1,46,10,0.217391304347826,0.9782608695652174,0.0217391304347826,0.0,0.6739130434782609,0.2826086956521739,0,24,43,14,0,0.0,46,2.882796037622681,11.10847822427817,1.7989805453346472,0.1528009787077306,26.14550454651966,13.91415473475216,98.09745219662068,0.0650135185786784,,,,,,,,,,0.0,,,36.0,40.0,,,0,0
111,76,39,ok,60.0,36,76/36,1,3,46,9,0,46,0.7905157397931273,1.3998225123225847,43.02871657393467,0.0,0.0,36.0,31.0,1,46,15,0.3260869565217391,1.0,0.0,0.0,0.6086956521739131,0.3695652173913043,0,26,46,2,4,0.0869565217391304,46,2.882796037622681,5.056736967024259,2.240868811119927,0.1528009787077306,26.14550454651966,13.91415473475216,2.159144739424041,1.3586405982421796,0.0272678721660151,0.4999262486878655,0.4933482276790553,0.407002111399824,2.2,24.4330023568046,24.082243265110144,0.999997345777474,129.08922945263092,0.95504757432119,30.433826407195056,62.69580299517696,36.0,40.0,36.0,54.0,0,0
112,76,40,ok,60.0,36,76/36,1,2,46,0,0,46,1.2632037325595753,1.4616394471555476,54.28131262230128,0.0,0.0,36.0,40.0,0,46,26,0.5652173913043478,1.0,0.0,0.0,0.6304347826086957,0.3260869565217391,0,32,46,9,4,0.0869565217391304,46,2.934812597272071,5.480842289372172,2.872451391400778,0.1528009787077306,29.428398893935785,8.442108193607684,25.96483436443581,0.2690670343045221,0.0272678721660151,0.4999262486878655,0.4933482276790553,0.407002111399824,2.2,24.4330023568046,24.082243265110144,0.999997345777474,129.08922945263092,0.95504757432119,30.433826407195056,62.69580299517696,36.0,40.0,36.0,54.0,0,1
113,76,41,ok,60.0,36,76/36,1,2,46,0,0,46,1.3819259499726813,1.4718891481966083,50.55212977709249,0.0,0.0,36.0,40.0,0,46,28,0.6086956521739131,1.0,0.0,0.0,0.6521739130434783,0.2826086956521739,0,34,46,18,3,0.0652173913043478,46,3.961057708591888,6.877459689114067,2.872451391400778,2.363101708582617,76.3017276806589,8.854351077177295,25.96483436443581,0.2263885798311675,0.0272678721660151,0.4999262486878655,0.4933482276790553,0.407002111399824,2.2,24.4330023568046,24.082243265110144,0.999997345777474,129.08922945263092,0.95504757432119,30.433826407195056,62.69580299517696,36.0,54.0,36.0,54.0,0,1
114,76,42,ok,60.0,36,76/36,1,2,46,0,0,46,1.441697976886649,1.4732120436584577,60.23801831069808,0.0,0.0,36.0,-9.0,0,46,15,0.3260869565217391,1.0,0.0,0.0,0.717391304347826,0.1521739130434782,0,15,46,15,0,0.0,46,3.961057708591888,14.90809454042446,2.933599834471094,2.363101708582617,76.3017276806589,8.854351077177295,25.96483436443581,0.2263885798311675,,,,,,,,,,0.0,,,36.0,54.0,,,0,0
115,76,43,ok,60.0,36,76/36,1,1,45,0,0,45,1.441697976886649,1.473727869589309,60.23801831069808,0.0,0.0,36.0,-9.0,0,45,0,0.0,1.0,0.0,0.0,0.6666666666666666,0.1555555555555555,0,0,45,0,0,0.0,45,6.302880373275584,18.633202488037668,3.4368239981967874,0.1803441971228216,110.12978844107906,,-0.6079628143286345,,,,,,,,,,,0.0,,,36.0,60.0,,,0,0
116,76,44,ok,60.0,36,76/36,1,1,25,0,0,25,1.4628735094308518,1.537743314115115,59.45419791738853,0.0,0.0,36.0,-9.0,0,25,0,0.0,1.0,0.0,0.0,0.68,0.16,0,0,25,0,0,0.0,25,6.302880373275584,21.29575473384392,3.4420216889477446,0.1803441971228216,110.12978844107906,,-0.6079628143286345,,,,,,,,,,,0.0,,,36.0,60.0,,,0,0
117,76,45,ok,60.0,36,76/36,1,1,5,0,0,5,1.5885261128996782,1.5914862436399575,59.18211575298742,0.0,0.0,36.0,-9.0,0,5,0,0.0,1.0,0.0,0.0,0.8,0.0,0,0,5,0,0,0.0,5,6.302880373275584,6.347342498398279,6.3002997524234265,0.1803441971228216,110.12978844107906,,-0.6079628143286345,,,,,,,,,,,0.0,,,36.0,60.0,,,0,0
118,76,46,ok,60.0,,,0,0,0,0,0,0,,,,0.0,0.0,,,0,0,0,0.0,0.0,0.0,0.0,0.0,0.0,0,0,0,0,0,0.0,0,,,,,,,,,,,,,,,,,,0.0,,,,,,,0,0
119,76,47,ok,60.0,,,0,0,0,0,0,0,,,,0.0,0.0,,,0,0,0,0.0,0.0,0.0,0.0,0.0,0.0,0,0,0,0,0,0.0,0,,,,,,,,,,,,,,,,,,0.0,,,,,,,0,0
120,76,48,ok,60.0,,,0,0,0,0,0,0,,,,0.0,0.0,,,0,0,0,0.0,0.0,0.0,0.0,0.0,0.0,0,0,0,0,0,0.0,0,,,,,,,,,,,,,,,,,,0.0,,,,,,,0,0
121,96,0,ok,60.0,1,96/1,1,1,41,0,0,41,1.1210399828526445,1.403686812779789,114.80091125509412,0.0,0.0,1.0,8.0,0,41,0,0.0,1.0,0.0,0.0,0.975609756097561,0.0,0,0,41,13,0,0.0,41,6.585326954397498,6.722989156364222,4.727076691343673,3.417672499923734,10.586850535023885,17.251229098081456,4.112158935260148,1.6018548781284074,,,,,,,,,,0.0,,,1.0,8.0,,,0,0
122,96,1,ok,60.0,,,0,0,0,0,0,0,,,,0.0,0.0,,,0,0,0,0.0,0.0,0.0,0.0,0.0,0.0,0,0,0,0,0,0.0,0,,,,,,,,,,,,,,,,,,0.0,,,,,,,0,0
123,96,2,ok,60.0,,,0,0,0,0,0,0,,,,0.0,0.0,,,0,0,0,0.0,0.0,0.0,0.0,0.0,0.0,0,0,0,0,0,0.0,0,,,,,,,,,,,,,,,,,,0.0,,,,,,,0,0
124,96,3,ok,60.0,,,0,0,0,0,0,0,,,,0.0,0.0,,,0,0,0,0.0,0.0,0.0,0.0,0.0,0.0,0,0,0,0,0,0.0,0,,,,,,,,,,,,,,,,,,0.0,,,,,,,0,0
125,96,4,ok,60.0,,,0,0,0,0,0,0,,,,0.0,0.0,,,0,0,0,0.0,0.0,0.0,0.0,0.0,0.0,0,0,0,0,0,0.0,0,,,,,,,,,,,,,,,,,,0.0,,,,,,,0,0
126,96,5,ok,60.0,,,0,0,0,0,0,0,,,,0.0,0.0,,,0,0,0,0.0,0.0,0.0,0.0,0.0,0.0,0,0,0,0,0,0.0,0,,,,,,,,,,,,,,,,,,0.0,,,,,,,0,0
127,96,6,ok,60.0,,,0,0,0,0,0,0,,,,0.0,0.0,,,0,0,0,0.0,0.0,0.0,0.0,0.0,0.0,0,0,0,0,0,0.0,0,,,,,,,,,,,,,,,,,,0.0,,,,,,,0,0
128,96,7,ok,60.0,,,0,0,0,0,0,0,,,,0.0,0.0,,,0,0,0,0.0,0.0,0.0,0.0,0.0,0.0,0,0,0,0,0,0.0,0,,,,,,,,,,,,,,,,,,0.0,,,,,,,0,0
129,96,8,ok,60.0,,,0,0,0,0,0,0,,,,0.0,0.0,,,0,0,0,0.0,0.0,0.0,0.0,0.0,0.0,0,0,0,0,0,0.0,0,,,,,,,,,,,,,,,,,,0.0,,,,,,,0,0
130,96,9,ok,60.0,,,0,0,0,0,0,0,,,,0.0,0.0,,,0,0,0,0.0,0.0,0.0,0.0,0.0,0.0,0,0,0,0,0,0.0,0,,,,,,,,,,,,,,,,,,0.0,,,,,,,0,0
131,96,10,ok,60.0,,,0,0,0,0,0,0,,,,0.0,0.0,,,0,0,0,0.0,0.0,0.0,0.0,0.0,0.0,0,0,0,0,0,0.0,0,,,,,,,,,,,,,,,,,,0.0,,,,,,,0,0
132,96,11,ok,60.0,,,0,0,0,0,0,0,,,,0.0,0.0,,,0,0,0,0.0,0.0,0.0,0.0,0.0,0.0,0,0,0,0,0,0.0,0,,,,,,,,,,,,,,,,,,0.0,,,,,,,0,0
133,96,12,ok,60.0,,,0,0,0,0,0,0,,,,0.0,0.0,,,0,0,0,0.0,0.0,0.0,0.0,0.0,0.0,0,0,0,0,0,0.0,0,,,,,,,,,,,,,,,,,,0.0,,,,,,,0,0
134,96,13,ok,60.0,,,0,0,0,0,0,0,,,,0.0,0.0,,,0,0,0,0.0,0.0,0.0,0.0,0.0,0.0,0,0,0,0,0,0.0,0,,,,,,,,,,,,,,,,,,0.0,,,,,,,0,0
135,96,14,ok,60.0,,,0,0,0,0,0,0,,,,0.0,0.0,,,0,0,0,0.0,0.0,0.0,0.0,0.0,0.0,0,0,0,0,0,0.0,0,,,,,,,,,,,,,,,,,,0.0,,,,,,,0,0
136,96,15,ok,60.0,,,0,0,0,0,0,0,,,,0.0,0.0,,,0,0,0,0.0,0.0,0.0,0.0,0.0,0.0,0,0,0,0,0,0.0,0,,,,,,,,,,,,,,,,,,0.0,,,,,,,0,0
137,96,16,ok,60.0,,,0,0,0,0,0,0,,,,0.0,0.0,,,0,0,0,0.0,0.0,0.0,0.0,0.0,0.0,0,0,0,0,0,0.0,0,,,,,,,,,,,,,,,,,,0.0,,,,,,,0,0
138,96,17,ok,60.0,,,0,0,0,0,0,0,,,,0.0,0.0,,,0,0,0,0.0,0.0,0.0,0.0,0.0,0.0,0,0,0,0,0,0.0,0,,,,,,,,,,,,,,,,,,0.0,,,,,,,0,0
139,96,18,ok,60.0,,,0,0,0,0,0,0,,,,0.0,0.0,,,0,0,0,0.0,0.0,0.0,0.0,0.0,0.0,0,0,0,0,0,0.0,0,,,,,,,,,,,,,,,,,,0.0,,,,,,,0,0
140,96,19,ok,60.0,,,0,0,0,0,0,0,,,,0.0,0.0,,,0,0,0,0.0,0.0,0.0,0.0,0.0,0.0,0,0,0,0,0,0.0,0,,,,,,,,,,,,,,,,,,0.0,,,,,,,0,0
141,96,20,ok,60.0,,,0,0,0,0,0,0,,,,0.0,0.0,,,0,0,0,0.0,0.0,0.0,0.0,0.0,0.0,0,0,0,0,0,0.0,0,,,,,,,,,,,,,,,,,,0.0,,,,,,,0,0
142,96,21,ok,60.0,36,96/36,1,2,43,34,9,43,0.5649787135206539,0.7694171821529172,246.1209491794634,0.0,0.0445515258167346,36.0,30.0,1,43,14,0.3255813953488372,1.0,0.0,0.2790697674418604,0.8372093023255814,0.1162790697674418,0,14,43,16,33,0.7674418604651163,43,3.0820543133460148,4.802201464770668,2.8065976765103504,0.0807230005831907,116.0729501068016,16.326717154125348,37.27290820166342,0.1548309599557523,0.0413034387473197,0.7912348365767453,0.4653206312047488,0.4045715077534284,2.2,39.031517183294646,39.03130585178742,0.999998985141354,92.82225060941158,0.9291912939662548,131.8419786467551,1.1946742530028287,36.0,30.0,36.0,7.0,1,0
143,96,22,ok,60.0,36,96/36,1,3,51,34,11,51,0.596420398414754,0.8977716488118797,189.51172318619223,0.0,0.0445515258167346,36.0,30.0,1,51,30,0.5882352941176471,1.0,0.0,0.0,1.0,0.0,0,31,51,24,27,0.5294117647058824,51,2.8801262830282504,4.401801846313948,2.632465764701554,0.042104456543906,116.70644359213054,71.35236975587065,47.08369832210542,0.103861928624278,0.0413034387473197,0.7912348365767453,0.2724949721805561,0.2433179954924557,2.2,39.031517183294646,39.03130585178742,0.999998985141354,92.82225060941158,0.9291912939662548,131.8419786467551,1.1946742530028287,36.0,29.0,36.0,7.0,1,1
144,96,23,ok,60.0,"3,36","96/3,96/36",2,3,51,41,25,102,0.6566221294442796,0.9499664665089168,36.84669998792298,0.0,0.0224334243878781,36.0,7.0,1,51,51,1.0,1.0,0.0,0.0,1.0,0.0,0,51,51,38,13,0.2549019607843137,102,2.7957341592824965,3.210549250621557,2.4399330898591067,0.0040163076780609,1.4630521724126044,18.8556558887182,47.08369832210542,0.103861928624278,0.113276292200303,1.359570638642075,0.2724949721805561,0.2433179954924557,2.2,38.40262969235485,38.05898741713573,0.9998426774055178,,0.7628173461709363,19.71033306807901,0.0011848737672368,3.0,14.0,3.0,7.0,1,1
145,96,24,ok,60.0,36,96/36,1,2,51,5,2,51,0.6566221294442796,1.621191223693464,36.84669998792298,0.0,0.0189047816876501,36.0,7.0,1,51,10,0.196078431372549,1.0,0.0,0.0,1.0,0.0,0,18,51,28,1,0.0196078431372549,51,2.8801262830282504,7.057968049943159,2.4399330898591067,0.042104456543906,116.70644359213054,71.35236975587065,32.51249117548313,0.2139449096224541,1.8932884308835605,0.2724949721805561,0.2724949721805561,0.2433179954924557,2.2,38.40262969235485,37.78912161596105,0.9840243212168376,74.5887960019187,0.6307710063082757,138.68895229430964,1.6899109206888745,36.0,29.0,36.0,7.0,0,0
146,96,25,ok,60.0,36,96/36,1,1,51,0,0,51,1.513905445949819,2.0651308034382927,88.86891990454252,0.0,0.0,36.0,14.0,0,51,0,0.0,1.0,0.0,0.0,1.0,0.0,0,0,51,24,0,0.0,51,5.460557300228687,7.939471325634193,4.695931140991667,0.2083589762708,82.03796691507061,15.804376634655233,32.51249117548313,0.3069429921861114,,,,,,,,,,0.0,,,36.0,14.0,,,0,0
147,96,26,ok,60.0,36,96/36,1,1,36,0,0,36,2.0123394084378567,2.140185860445669,99.74291716708504,0.0,0.0,36.0,14.0,0,36,0,0.0,1.0,0.0,0.0,1.0,0.0,0,0,36,5,0,0.0,36,5.460557300228687,8.410270445121014,5.190461806627605,0.2083589762708,82.03796691507061,15.804376634655233,7.17649384272841,0.798426915772705,,,,,,,,,,0.0,,,36.0,14.0,,,0,0
148,96,27,ok,60.0,36,96/36,1,1,16,0,0,16,2.0651308034382927,2.1905066562553026,92.83712430919014,0.0,0.0,36.0,14.0,0,16,0,0.0,1.0,0.0,0.0,1.0,0.0,0,0,16,1,0,0.0,16,9.13210942861308,11.600364897426562,5.190461806627605,7.2681018432847715,73.24616810941231,31.328710379635314,1.5509529100852175,9.282540951233484,,,,,,,,,,0.0,,,36.0,14.0,,,0,0
149,96,28,ok,60.0,,,0,0,0,0,0,0,,,,0.0,0.0,,,0,0,0,0.0,0.0,0.0,0.0,0.0,0.0,0,0,0,0,0,0.0,0,,,,,,,,,,,,,,,,,,0.0,,,,,,,0,0
150,96,29,ok,60.0,"3,26","96/26,96/3",2,3,51,51,51,102,0.6764087503354931,0.6935177046360014,28.685749075106877,0.0,0.0442464370007259,3.0,40.0,1,51,51,1.0,1.0,0.0,0.0,1.0,0.8627450980392157,44,51,51,22,10,0.196078431372549,102,5.527266320557839,6.525187813111869,0.1985523835442039,4.4611855130482745,0.1030690341032681,45.98582430764013,15.164569672551828,0.396131913514551,0.0347775913916667,0.8836620033388961,0.5847699354884559,0.3944432573033693,2.2,11.353245488723484,11.331307749253314,0.999986330193576,,0.8357047743627961,27.096624155249703,0.0,3.0,30.0,3.0,40.0,1,1
151,96,30,ok,60.0,"3,26","96/26,96/3",2,3,51,51,51,102,0.6679776652720143,0.6866380179721493,28.46382353093127,0.0,0.0480747236180984,3.0,40.0,1,51,51,1.0,1.0,0.0,0.0,1.0,0.8235294117647058,24,51,51,35,11,0.2156862745098039,102,3.037197437348022,6.404016897826046,0.1985523835442039,1.3242818922563604,0.4798477051016668,21.50525030640555,15.594731410461442,0.2454371061147134,0.0347775913916667,0.8836620033388961,0.5847699354884559,0.3944432573033693,2.2,11.353245488723484,11.331307749253314,0.999986330193576,,0.8357047743627961,27.096624155249703,0.0,3.0,30.0,3.0,40.0,1,1
152,96,31,ok,60.0,,,0,0,0,0,0,0,,,,0.0,0.0,,,0,0,0,0.0,0.0,0.0,0.0,0.0,0.0,0,0,0,0,0,0.0,0,,,,,,,,,,,,,,,,,,0.0,,,,,,,0,0
153,96,32,ok,60.0,,,0,0,0,0,0,0,,,,0.0,0.0,,,0,0,0,0.0,0.0,0.0,0.0,0.0,0.0,0,0,0,0,0,0.0,0,,,,,,,,,,,,,,,,,,0.0,,,,,,,0,0
154,96,33,ok,60.0,,,0,0,0,0,0,0,,,,0.0,0.0,,,0,0,0,0.0,0.0,0.0,0.0,0.0,0.0,0,0,0,0,0,0.0,0,,,,,,,,,,,,,,,,,,0.0,,,,,,,0,0
155,115,0,ok,60.0,,,0,0,0,0,0,0,,,,0.0,0.0,,,0,0,0,0.0,0.0,0.0,0.0,0.0,0.0,0,0,0,0,0,0.0,0,,,,,,,,,,,,,,,,,,0.0,,,,,,,0,0
156,115,1,ok,60.0,,,0,0,0,0,0,0,,,,0.0,0.0,,,0,0,0,0.0,0.0,0.0,0.0,0.0,0.0,0,0,0,0,0,0.0,0,,,,,,,,,,,,,,,,,,0.0,,,,,,,0,0
157,115,2,ok,60.0,,,0,0,0,0,0,0,,,,0.0,0.0,,,0,0,0,0.0,0.0,0.0,0.0,0.0,0.0,0,0,0,0,0,0.0,0,,,,,,,,,,,,,,,,,,0.0,,,,,,,0,0
158,115,3,ok,60.0,,,0,0,0,0,0,0,,,,0.0,0.0,,,0,0,0,0.0,0.0,0.0,0.0,0.0,0.0,0,0,0,0,0,0.0,0,,,,,,,,,,,,,,,,,,0.0,,,,,,,0,0
159,115,4,ok,60.0,,,0,0,0,0,0,0,,,,0.0,0.0,,,0,0,0,0.0,0.0,0.0,0.0,0.0,0.0,0,0,0,0,0,0.0,0,,,,,,,,,,,,,,,,,,0.0,,,,,,,0,0
160,115,5,ok,60.0,,,0,0,0,0,0,0,,,,0.0,0.0,,,0,0,0,0.0,0.0,0.0,0.0,0.0,0.0,0,0,0,0,0,0.0,0,,,,,,,,,,,,,,,,,,0.0,,,,,,,0,0
161,115,6,ok,60.0,,,0,0,0,0,0,0,,,,0.0,0.0,,,0,0,0,0.0,0.0,0.0,0.0,0.0,0.0,0,0,0,0,0,0.0,0,,,,,,,,,,,,,,,,,,0.0,,,,,,,0,0
162,115,7,ok,60.0,,,0,0,0,0,0,0,,,,0.0,0.0,,,0,0,0,0.0,0.0,0.0,0.0,0.0,0.0,0,0,0,0,0,0.0,0,,,,,,,,,,,,,,,,,,0.0,,,,,,,0,0
163,115,8,ok,60.0,,,0,0,0,0,0,0,,,,0.0,0.0,,,0,0,0,0.0,0.0,0.0,0.0,0.0,0.0,0,0,0,0,0,0.0,0,,,,,,,,,,,,,,,,,,0.0,,,,,,,0,0
164,115,9,ok,60.0,4,115/4,1,1,40,0,0,40,1.5535957150396371,1.6246994301582531,93.86894600984914,0.0,0.0,4.0,2.0,0,40,0,0.0,1.0,0.0,0.0,0.025,0.925,0,13,37,27,0,0.0,40,24.99649212393009,26.315505471136877,1.589366808659527,1.7210078830361144,2.8271869959928178,0.0,23.31440645997162,1.158948557052409,,,,,,,,,,0.0,,,4.0,2.0,,,0,0
165,115,10,ok,60.0,4,115/4,1,1,42,0,0,42,1.5535957150396371,1.6245680153766862,93.86894600984914,0.0,0.0,4.0,2.0,0,42,0,0.0,1.0,0.0,0.0,0.0714285714285714,0.8095238095238095,0,27,39,35,1,0.0238095238095238,42,23.34138690105575,25.043066343775003,1.589366808659527,1.7210078830361144,10.28433326865112,1.478640121984975,16.4255762306895,1.4511903437399865,2.069055897269088,1.7604361760299034,1.7604361760299034,1.706698128970498,2.2,13.913199528941464,13.863821912761043,0.9964510236428572,171.1135106228427,0.482263329324527,48.63435099092485,1.4703013665618438,4.0,2.0,4.0,2.0,0,0
166,115,11,ok,60.0,4,115/4,1,1,42,0,0,42,1.6142659279297145,1.858857547755591,90.60201225690292,0.0,0.0,4.0,2.0,0,42,0,0.0,1.0,0.0,0.0,0.0714285714285714,0.7857142857142857,0,17,42,38,1,0.0238095238095238,42,20.924516233834098,23.357949074896545,2.90648871758068,20.61127046789988,38.15234083886883,3.7167691433511383,18.280321370152336,1.1614372529207664,2.069055897269088,1.7604361760299034,1.7604361760299034,1.706698128970498,2.2,13.913199528941464,13.863821912761043,0.9964510236428572,171.1135106228427,0.482263329324527,48.63435099092485,1.4703013665618438,4.0,2.0,4.0,2.0,0,0
167,115,12,ok,60.0,4,115/4,1,1,42,0,0,42,1.8480149196174205,1.9442387522849531,91.36810726396814,0.0,0.0,4.0,2.0,0,42,0,0.0,1.0,0.0,0.0,0.0,0.9523809523809524,0,0,42,42,0,0.0,42,18.34619530286286,21.00179353805276,3.282713578491516,17.92338305065511,17.034297760589396,0.0,22.94479379425921,0.8891459510831105,,,,,,,,,,0.0,,,4.0,2.0,,,0,0
168,115,13,ok,60.0,4,115/4,1,1,42,0,0,42,1.9257717554037552,1.9977414219616865,95.27951261945029,0.0,0.0,4.0,2.0,0,42,0,0.0,1.0,0.0,0.0,0.0,0.9761904761904762,0,0,42,42,0,0.0,42,14.430961464547185,18.380092165795595,3.598646826981062,13.784709830007715,71.84835171320174,1.623688261004813,22.94479379425921,0.7799055082231723,,,,,,,,,,0.0,,,4.0,2.0,,,0,0
169,115,14,ok,60.0,4,115/4,1,1,42,0,0,42,1.9850803678956588,2.0105766272616448,101.45851960284064,0.0,0.0,4.0,2.0,0,42,0,0.0,1.0,0.0,0.0,0.0,0.9523809523809524,0,0,42,42,0,0.0,42,10.511600357399104,14.58302060783464,3.896667393639013,9.497047756409682,45.2072383321684,0.7517858398630468,25.414805680729422,0.5419201408767685,,,,,,,,,,0.0,,,4.0,2.0,,,0,0
170,115,15,ok,60.0,4,115/4,1,1,42,0,0,42,1.925994821079401,1.9984471786838565,99.69275863872974,0.0,0.0,4.0,2.0,0,42,0,0.0,1.0,0.0,0.0,0.0,0.9285714285714286,0,0,42,42,0,0.0,42,6.267533504874098,10.604210467254806,4.252335241406147,4.204510424599773,50.128712538858,0.0522913777142008,25.414805680729422,0.4695532598847943,,,,,,,,,,0.0,,,4.0,2.0,,,0,0
171,115,16,ok,60.0,4,115/4,1,1,42,0,0,42,1.6878566573255975,1.9280836092496147,93.4479139681568,0.0,0.0,4.0,2.0,0,42,0,0.0,1.0,0.0,0.0,0.0,0.9285714285714286,0,0,42,36,0,0.0,42,4.621299113130605,6.3485166831668405,4.491982031431323,0.0187378359044033,61.76837747719697,0.0,19.61515402149825,0.4689030795134568,,,,,,,,,,0.0,,,4.0,2.0,,,0,0
172,115,17,ok,60.0,4,115/4,1,1,42,1,0,42,0.9944294294697186,1.6970133085654056,64.84819292008085,0.0,0.0,4.0,2.0,0,42,0,0.0,1.0,0.0,0.0,0.0,0.9285714285714286,0,0,42,16,0,0.0,42,4.621299113130605,5.536128411173111,3.277351137451935,0.0187378359044033,61.76837747719697,0.0,11.999210395444791,0.4689030795134568,,,,,,,,,,0.0,,,4.0,2.0,,,0,0
173,115,18,ok,60.0,4,115/4,1,1,42,21,9,42,0.6010591906778617,1.038914793269842,45.46049108841655,0.0,0.0238377699451564,4.0,2.0,1,42,0,0.0,1.0,0.0,0.0,0.0,0.8809523809523809,0,13,42,0,0,0.0,42,4.737727464922843,8.735088816734057,1.5672963702864369,1.2160949002838564,60.59054179142467,0.0,-3.53636516149895,,,,,,,,,,,0.0,,,4.0,2.0,,,0,0
174,115,19,ok,60.0,4,115/4,1,2,42,41,9,42,0.6010591906778617,0.7839264687073904,45.46049108841655,0.0,0.0238377699451564,4.0,2.0,1,42,0,0.0,1.0,0.0,0.0,0.0,0.8571428571428571,0,19,42,0,0,0.0,42,8.557839580514107,14.452370267937912,1.5672963702864369,7.824563684242646,70.21997992723743,0.0,-8.88484135922451,,,,,,,,,,,0.0,,,4.0,2.0,,,0,0
175,115,20,ok,60.0,4,115/4,1,2,42,23,0,42,0.6063194058148011,0.9738037452823096,46.58323008336791,0.0,0.0,4.0,2.0,1,42,0,0.0,1.0,0.0,0.0,0.0238095238095238,0.8571428571428571,0,26,42,0,0,0.0,42,14.335119286041111,21.13823693468826,0.8228056713292831,9.410455928256788,105.3939966662737,3.6016577669844425,-10.745574804337137,,,,,,,,,,,0.0,,,4.0,3.0,,,0,0
176,115,21,ok,60.0,4,115/4,1,1,42,3,0,42,0.9446672796174974,1.7871800238026243,83.59210264731946,0.0,0.0,4.0,3.0,1,42,0,0.0,1.0,0.0,0.0,0.0714285714285714,0.8333333333333334,0,42,42,0,0,0.0,42,20.950417030593822,28.57680840068594,0.0233577993494891,20.76973477979385,85.09576056233506,0.2878161834052909,-15.99133133592703,,,,,,,,,,,0.0,,,4.0,3.0,,,0,0
177,115,22,ok,60.0,4,115/4,1,2,42,0,0,42,1.7584058882547746,2.4697348540026174,174.59731877952763,0.0,0.0,4.0,3.0,0,42,0,0.0,1.0,0.0,0.0476190476190476,0.3333333333333333,0.5714285714285714,0,42,42,0,0,0.0,42,28.408253594049413,33.81281518720202,0.0233577993494891,28.394042814089847,85.6973674119426,3.5979158931597315,-5.148023834802522,,,,,,,,,,,0.0,,,4.0,3.0,,,0,0
178,115,23,ok,60.0,4,115/4,1,2,32,0,0,32,2.3063432036702856,2.709317652337324,318.70861868641083,0.0,0.0,4.0,5.0,0,32,0,0.0,1.0,0.0,0.375,0.59375,0.3125,3,29,32,8,0,0.0,32,30.843241745032696,36.2662276839652,0.0215972075134067,30.790545428821098,94.47575942783584,,2.634848372767008,13.788077779160028,,,,,,,,,,0.0,,,4.0,5.0,,,0,0
179,115,24,ok,60.0,4,115/4,1,1,12,0,0,12,2.772382974279766,4.100753638218399,518.4943491736434,0.0,0.0,4.0,5.0,0,12,0,0.0,1.0,0.0,1.0,0.75,0.0833333333333333,3,9,12,8,0,0.0,12,36.22175949246356,36.30591713674816,0.0215972075134067,35.64154056145402,10.397782718638016,5.939669330115334,2.634848372767008,13.788077779160028,,,,,,,,,,0.0,,,4.0,5.0,,,0,0
180,115,25,ok,60.0,,,0,0,0,0,0,0,,,,0.0,0.0,,,0,0,0,0.0,0.0,0.0,0.0,0.0,0.0,0,0,0,0,0,0.0,0,,,,,,,,,,,,,,,,,,0.0,,,,,,,0,0
181,115,26,ok,60.0,,,0,0,0,0,0,0,,,,0.0,0.0,,,0,0,0,0.0,0.0,0.0,0.0,0.0,0.0,0,0,0,0,0,0.0,0,,,,,,,,,,,,,,,,,,0.0,,,,,,,0,0
182,115,27,ok,60.0,,,0,0,0,0,0,0,,,,0.0,0.0,,,0,0,0,0.0,0.0,0.0,0.0,0.0,0.0,0,0,0,0,0,0.0,0,,,,,,,,,,,,,,,,,,0.0,,,,,,,0,0
183,115,28,ok,60.0,1,115/1,1,2,40,40,40,40,0.4310498791278627,0.4383654815153657,24.84414266985275,0.1395502503668246,0.163960499385335,1.0,2.0,1,40,40,1.0,1.0,0.0,0.0,0.85,0.1,40,40,40,1,0,0.0,40,3.793525858982828,4.643977770567702,0.0015223363174387,3.6139190777480175,2.451940839043884,18.789548288745017,2.071173889108795,2.490882874673336,,,,,,,,,,0.0,,,1.0,5.0,,,0,1
184,115,29,ok,60.0,1,115/1,1,2,40,40,40,40,0.4315930727431001,0.4389004920439345,24.91465933943302,0.1395502503668246,0.1609582704970519,1.0,2.0,1,40,40,1.0,1.0,0.0,0.0,0.65,0.325,38,40,40,5,1,0.025,40,4.648829659431281,5.856390387226318,0.0015223363174387,4.641759864206636,1.503439437375554,13.812021312007758,2.2263146608640327,2.490882874673336,0.5302299860805776,1.558225270037512,1.558225270037512,1.082720546661358,2.2,4.4902767585690695,4.477438700325882,0.9971409204970078,,0.6657836834698259,16.13788806190895,0.261265111577505,1.0,5.0,1.0,2.0,0,1
185,115,30,ok,60.0,,,0,0,0,0,0,0,,,,0.0,0.0,,,0,0,0,0.0,0.0,0.0,0.0,0.0,0.0,0,0,0,0,0,0.0,0,,,,,,,,,,,,,,,,,,0.0,,,,,,,0,0
